{
  "testimonials": [
    {
      "id": 1,
      "name": "Rosele Desoza",
      "firstName": "rosele",
      "position": "Marketing Coordinator",
      "info": "“Having good restaurant reviews is crucial these days. It is not just making our decision to pick one easier, it is also helping the restaurant be more successful. You can quickly copy and paste these good restaurant review examples, publish them on Facebook”",
      "class": "active"
    },
    {
      "id": 2,
      "name": "Marvin McKinney",
      "firstName": "marvin",
      "position": "Web Designer",
      "info": "“Having good restaurant reviews is crucial these days. It is not just making our decision to pick one easier, it is also helping the restaurant be more successful. You can quickly copy and paste these good restaurant review examples, publish them on Facebook”"
    },
    {
      "id": 3,
      "name": "Guy Hawkins",
      "firstName": "guy",
      "position": "President of Sales",
      "info": "“Having good restaurant reviews is crucial these days. It is not just making our decision to pick one easier, it is also helping the restaurant be more successful. You can quickly copy and paste these good restaurant review examples, publish them on Facebook”"
    },
    {
      "id": 4,
      "name": "Kathryn Murphy",
      "firstName": "kathryn",
      "position": "Marketing Coordinator",
      "info": "“Having good restaurant reviews is crucial these days. It is not just making our decision to pick one easier, it is also helping the restaurant be more successful. You can quickly copy and paste these good restaurant review examples, publish them on Facebook”"
    }
  ]
}
